time, tokens
2024-01-12 12:01:16,3019
2024-01-12 12:19:25,3019
2024-01-12 12:26:51,3019
2024-01-16 18:50:21,3019
2024-01-16 19:24:29,3019
2024-01-16 19:26:06,3019
2024-01-16 21:33:59,3019
2024-01-16 21:35:35,4071
2024-01-16 21:46:37,3019
2024-01-16 21:48:06,3019
2024-01-16 21:53:22,3019
2024-01-16 21:54:35,3980
2024-01-16 22:02:53,3019
2024-01-16 22:03:00,3100
2024-01-16 22:03:08,3124
2024-01-16 22:03:11,3139
2024-01-16 22:03:11,3182
2024-01-16 22:03:20,3216
2024-01-16 22:03:38,3434
2024-01-16 22:03:39,3522
2024-01-16 22:04:08,4155
2024-01-16 22:20:12,3019
2024-01-16 22:20:17,3117
2024-01-16 22:20:26,3158
2024-01-16 22:20:29,3148
2024-01-16 22:20:33,3525
2024-01-16 22:20:35,3510
2024-01-16 22:20:38,3242
2024-01-16 22:20:44,3164
2024-01-16 22:21:00,4120
2024-01-16 22:21:07,3126
2024-01-16 22:21:12,3123
2024-01-16 22:21:14,3129
2024-01-16 22:21:16,3153
2024-01-16 22:21:17,3169
2024-01-16 22:21:26,3566
time,tokens
2024-01-21 23:12:53,3019
2024-01-21 23:13:03,3123
2024-01-21 23:13:03,3133
2024-01-21 23:13:04,3138
2024-01-21 23:13:04,3116
2024-01-21 23:13:07,3133
2024-01-21 23:13:12,3528
2024-01-21 23:13:24,3631
2024-01-21 23:13:54,4491
2024-01-21 23:14:00,3157
2024-01-21 23:14:02,3204
2024-01-21 23:14:03,3139
2024-01-21 23:14:05,3248
2024-01-21 23:14:11,3150
2024-01-21 23:14:27,3449
2024-01-21 23:14:36,3589
2024-01-21 23:14:56,4146
2024-01-21 23:27:15,3019
2024-01-21 23:27:21,3166
2024-01-21 23:27:24,3141
2024-01-21 23:27:28,3119
2024-01-21 23:27:28,3157
2024-01-21 23:27:30,3130
2024-01-21 23:27:35,3609
2024-01-21 23:28:04,3019
2024-01-21 23:28:09,3142
2024-01-21 23:28:12,3128
2024-01-21 23:28:13,3137
2024-01-21 23:28:17,3212
2024-01-21 23:28:21,3222
2024-01-21 23:59:21,1003
2024-01-21 23:59:25,1074
2024-01-21 23:59:29,1100
2024-01-21 23:59:30,1135
2024-01-21 23:59:30,1127
2024-01-21 23:59:33,1152
2024-01-21 23:59:37,1230
time,tokens
2024-01-22 00:00:22,1857
2024-01-22 00:00:39,2329
2024-01-22 00:12:47,1003
2024-01-22 00:12:51,1087
2024-01-22 00:12:53,1093
2024-01-22 00:12:57,1124
2024-01-22 00:12:58,1120
2024-01-22 00:13:01,1142
2024-01-22 00:13:10,1856
2024-01-22 00:13:31,1534
2024-01-22 00:13:40,2243
2024-01-22 00:24:57,1003
2024-01-22 00:25:02,1148
2024-01-22 00:25:05,1098
2024-01-22 00:25:05,1106
2024-01-22 00:25:08,1155
2024-01-22 00:25:20,1128
2024-01-22 00:25:35,1790
2024-01-22 00:26:03,1855
2024-01-22 00:26:12,2243
2024-01-22 00:27:45,1003
2024-01-22 00:27:49,1100
2024-01-22 00:27:53,1083
2024-01-22 00:27:55,1116
2024-01-22 00:27:57,1139
2024-01-22 00:27:59,1172
2024-01-22 00:28:19,1477
2024-01-22 00:28:24,1858
2024-01-22 00:28:30,2263
2024-01-22 00:31:49,1003
2024-01-22 00:31:54,1116
2024-01-22 00:31:56,1110
2024-01-22 00:31:58,1092
2024-01-22 00:31:58,1096
2024-01-22 00:32:01,1115
2024-01-22 00:32:25,1516
2024-01-22 00:33:00,1857
2024-01-22 00:33:14,2368
2024-01-22 01:06:38,1003
2024-01-22 01:06:43,1125
2024-01-22 01:06:44,1126
2024-01-22 01:06:45,1064
2024-01-22 01:06:46,1113
2024-01-22 01:06:52,1256
2024-01-22 01:06:55,1480
2024-01-22 01:07:38,1856
2024-01-22 01:07:49,2272
2024-01-22 14:21:34,1003
2024-01-22 14:21:38,975
2024-01-22 14:21:46,1152
2024-01-22 14:21:49,1087
2024-01-22 14:21:50,1137
2024-01-22 14:21:52,1111
2024-01-22 14:21:52,1107
2024-01-22 14:22:49,1855
2024-01-22 14:23:13,2241
2024-01-22 14:23:15,1003
2024-01-22 14:23:22,1128
2024-01-22 14:23:26,1130
2024-01-22 14:23:26,1068
2024-01-22 14:23:30,1210
2024-01-22 14:23:30,1093
2024-01-22 14:24:38,1562
2024-01-22 14:24:38,1860
2024-01-22 14:24:51,2242
2024-01-22 14:31:39,1003
2024-01-22 14:31:46,1116
2024-01-22 14:31:47,1086
2024-01-22 14:31:47,1135
2024-01-22 14:31:51,1167
2024-01-22 14:31:52,1076
2024-01-22 14:33:04,1855
2024-01-22 14:33:23,2429
2024-01-22 14:33:25,1003
2024-01-22 14:33:33,1111
2024-01-22 14:33:40,1137
2024-01-22 14:33:49,1095
2024-01-22 14:33:50,1206
2024-01-22 14:33:54,1121
2024-01-22 14:34:43,1857
2024-01-22 14:35:05,2297
2024-01-22 14:35:15,1081
2024-01-22 14:35:18,1128
2024-01-22 14:35:19,1122
2024-01-22 14:35:23,1140
2024-01-22 14:35:25,1196
time,tokens
2024-01-22 15:10:09,1003
2024-01-22 17:16:23,1003
2024-01-22 17:16:35,1097
2024-01-22 17:16:37,1215
2024-01-22 17:16:37,1142
2024-01-22 17:16:39,1097
2024-01-22 17:16:48,1094
2024-01-22 17:17:39,1856
2024-01-22 17:17:50,2316
2024-01-22 17:17:51,1003
2024-01-22 17:17:58,1102
2024-01-22 17:18:03,1095
2024-01-22 17:18:04,1086
2024-01-22 17:18:07,1123
2024-01-22 17:18:08,1142
2024-01-22 17:19:12,1857
2024-01-22 17:19:33,2204
2024-01-22 17:26:32,1003
2024-01-22 17:26:39,1099
2024-01-22 17:37:49,1003
2024-01-22 17:38:03,1091
2024-01-22 17:38:03,1091
2024-01-22 17:38:04,1157
2024-01-22 17:38:04,1157
2024-01-22 17:38:07,1132
2024-01-22 17:38:07,1132
2024-01-22 17:38:10,1101
2024-01-22 17:38:10,1101
2024-01-22 17:38:13,1136
2024-01-22 17:38:13,1136
2024-01-22 17:38:42,1857
2024-01-22 17:38:42,1857
2024-01-22 17:38:54,2152
2024-01-22 17:38:57,1003
2024-01-22 17:39:02,1085
2024-01-22 17:39:02,1085
2024-01-22 17:39:07,1089
2024-01-22 17:39:07,1089
2024-01-22 17:39:16,1205
2024-01-22 17:39:16,1205
2024-01-22 17:39:18,1117
2024-01-22 17:39:18,1117
2024-01-22 17:39:23,1178
2024-01-22 17:39:23,1178
2024-01-22 17:42:08,1857
2024-01-22 17:42:08,1857
2024-01-22 17:42:26,2412
2024-01-22 17:42:33,1078
2024-01-22 17:42:33,1078
2024-01-22 17:42:41,1089
2024-01-22 17:42:41,1089
2024-01-22 17:42:41,1137
2024-01-22 17:42:41,1137
2024-01-22 17:42:46,1122
2024-01-22 17:42:46,1122
2024-01-22 17:42:47,1126
2024-01-22 17:42:47,1126
2024-01-22 17:43:46,1855
2024-01-22 17:43:46,1855
2024-01-22 17:43:51,2172
time,tokens
2024-01-23 15:14:34,1003
2024-01-23 15:14:51,1098
2024-01-23 15:14:51,1098
2024-01-23 15:14:51,1101
2024-01-23 15:14:51,1101
2024-01-23 15:14:54,1098
2024-01-23 15:14:54,1098
2024-01-23 15:15:03,1173
2024-01-23 15:15:03,1173
2024-01-23 15:15:13,1181
2024-01-23 15:15:13,1181
2024-01-23 15:15:30,1433
2024-01-23 15:15:30,1433
2024-01-23 15:15:48,2251
2024-01-23 15:15:50,1003
2024-01-23 15:15:56,1124
2024-01-23 15:15:56,1124
2024-01-23 15:16:01,1080
2024-01-23 15:16:01,1080
2024-01-23 15:16:03,1134
2024-01-23 15:16:03,1134
2024-01-23 15:16:04,1104
2024-01-23 15:16:04,1104
2024-01-23 15:16:06,1115
2024-01-23 15:16:06,1115
2024-01-23 15:16:34,1855
2024-01-23 15:16:34,1855
2024-01-23 15:17:01,2389
2024-01-23 15:17:10,1106
2024-01-23 15:17:10,1106
2024-01-23 15:17:12,1075
2024-01-23 15:17:12,1075
2024-01-23 15:17:18,1107
2024-01-23 15:17:18,1107
2024-01-23 15:17:23,1098
2024-01-23 15:17:23,1098
2024-01-23 15:17:30,1113
2024-01-23 15:17:30,1113
2024-01-23 15:17:52,1857
2024-01-23 15:17:52,1857
2024-01-23 15:18:21,2361
2024-01-23 17:18:06,1003
2024-01-23 17:18:13,1074
2024-01-23 17:18:13,1074
2024-01-23 17:18:14,1119
2024-01-23 17:18:14,1119
2024-01-23 17:18:17,1043
2024-01-23 17:18:17,1043
2024-01-23 17:18:41,1099
2024-01-23 17:18:41,1099
2024-01-23 17:18:58,1133
2024-01-23 17:18:58,1133
2024-01-23 17:19:02,1237
2024-01-23 17:19:02,1237
2024-01-23 17:19:28,2283
2024-01-23 17:19:40,1106
2024-01-23 17:19:40,1106
2024-01-23 17:19:46,1082
2024-01-23 17:19:46,1082
2024-01-23 17:19:47,1138
2024-01-23 17:19:47,1138
2024-01-23 17:19:47,1089
2024-01-23 17:19:47,1089
2024-01-23 17:19:47,1155
2024-01-23 17:19:47,1155
time,tokens
2024-01-24 12:48:49,1003
2024-01-24 12:49:02,1084
2024-01-24 12:49:02,1084
2024-01-24 12:49:03,1109
2024-01-24 12:49:03,1109
2024-01-24 12:49:03,1115
2024-01-24 12:49:03,1115
2024-01-24 12:49:09,1099
2024-01-24 12:49:09,1099
2024-01-24 12:49:10,1141
2024-01-24 12:49:10,1141
2024-01-24 12:50:08,1857
2024-01-24 12:50:08,1857
2024-01-24 12:50:31,2346
2024-01-24 12:50:33,1003
2024-01-24 12:50:39,1115
2024-01-24 12:50:39,1115
2024-01-24 12:50:44,1107
2024-01-24 12:50:44,1107
2024-01-24 12:50:44,1091
2024-01-24 12:50:44,1091
2024-01-24 12:50:46,1095
2024-01-24 12:50:46,1095
2024-01-24 12:50:57,1177
2024-01-24 12:50:57,1177
2024-01-24 12:51:14,1856
2024-01-24 12:51:14,1856
2024-01-24 12:51:40,2269
2024-01-24 13:40:56,1003
2024-01-24 13:41:08,1230
2024-01-24 13:41:08,1230
2024-01-24 13:41:09,1090
2024-01-24 13:41:09,1090
2024-01-24 13:41:10,1092
2024-01-24 13:41:10,1092
2024-01-24 13:41:10,1101
2024-01-24 13:41:10,1101
2024-01-24 13:41:29,1159
2024-01-24 13:41:29,1159
2024-01-24 13:48:24,1003
2024-01-24 13:48:29,1076
2024-01-24 13:48:29,1076
2024-01-24 13:48:30,1105
2024-01-24 13:48:30,1105
2024-01-24 13:48:37,1108
2024-01-24 13:48:37,1108
2024-01-24 13:48:40,1104
2024-01-24 13:48:40,1104
2024-01-24 13:48:41,1109
2024-01-24 13:48:41,1109
2024-01-24 13:49:08,1857
2024-01-24 13:49:08,1857
2024-01-24 13:49:19,2264
2024-01-24 13:59:49,1003
2024-01-24 14:00:05,1093
2024-01-24 14:00:05,1093
2024-01-24 14:00:06,1100
2024-01-24 14:00:06,1100
2024-01-24 14:00:06,1119
2024-01-24 14:00:06,1119
2024-01-24 14:00:08,1176
2024-01-24 14:00:08,1176
2024-01-24 14:00:08,1147
2024-01-24 14:00:08,1147
2024-01-24 14:01:21,1855
2024-01-24 14:01:21,1855
2024-01-24 14:01:48,2262
2024-01-24 15:13:51,1003
2024-01-24 15:13:57,1087
2024-01-24 15:13:57,1087
2024-01-24 15:13:58,1127
2024-01-24 15:13:58,1127
2024-01-24 15:13:59,1130
2024-01-24 15:13:59,1130
2024-01-24 15:14:06,1106
2024-01-24 15:14:06,1106
2024-01-24 15:14:09,1126
2024-01-24 15:14:09,1126
2024-01-24 15:15:59,1858
2024-01-24 15:15:59,1858
2024-01-24 15:16:24,2322
2024-01-24 15:28:05,1003
2024-01-24 15:28:11,1091
2024-01-24 15:28:11,1091
2024-01-24 15:28:20,1126
2024-01-24 15:28:20,1126
2024-01-24 15:28:21,1082
2024-01-24 15:28:21,1082
2024-01-24 15:28:25,1198
2024-01-24 15:28:25,1198
2024-01-24 15:28:25,1153
2024-01-24 15:28:25,1153
2024-01-24 15:29:24,1856
2024-01-24 15:29:24,1856
2024-01-24 15:29:52,2354
time,tokens
2024-01-25 10:01:04,1089
2024-01-25 10:01:04,1089
2024-01-25 10:01:11,1097
2024-01-25 10:01:11,1097
2024-01-25 10:01:11,1089
2024-01-25 10:01:11,1089
2024-01-25 10:01:15,1134
2024-01-25 10:01:15,1134
2024-01-25 10:01:22,1157
2024-01-25 10:01:22,1157
2024-01-25 10:02:28,1855
2024-01-25 10:02:28,1855
2024-01-25 10:18:19,1003
2024-01-25 10:19:19,2195
2024-01-25 10:20:28,1003
2024-01-25 10:20:35,1127
2024-01-25 10:20:35,1127
2024-01-25 10:20:40,1102
2024-01-25 10:20:40,1102
2024-01-25 10:20:42,1107
2024-01-25 10:20:42,1107
2024-01-25 10:20:43,1080
2024-01-25 10:20:43,1080
2024-01-25 10:21:02,1251
2024-01-25 10:21:02,1251
2024-01-25 10:21:51,1854
2024-01-25 10:21:51,1854
2024-01-25 10:22:12,2249
2024-01-25 10:30:24,1003
2024-01-25 10:30:33,1140
2024-01-25 10:30:33,1140
2024-01-25 10:30:34,1085
2024-01-25 10:30:34,1085
2024-01-25 10:30:41,1152
2024-01-25 10:30:41,1152
2024-01-25 10:30:42,1094
2024-01-25 10:30:42,1094
2024-01-25 10:30:45,1125
2024-01-25 10:30:45,1125
2024-01-25 10:32:01,1855
2024-01-25 10:32:01,1855
2024-01-25 10:32:10,2244
2024-01-25 15:33:20,1003
2024-01-25 15:33:27,1119
2024-01-25 15:33:27,1119
2024-01-25 15:33:29,1090
2024-01-25 15:33:29,1090
2024-01-25 15:33:29,1129
2024-01-25 15:33:29,1129
2024-01-25 15:33:31,1191
2024-01-25 15:33:31,1191
2024-01-25 15:33:42,1182
2024-01-25 15:33:42,1182
2024-01-25 15:35:14,1855
2024-01-25 15:35:14,1855
2024-01-25 15:35:37,2271
2024-01-25 16:00:58,1003
2024-01-25 16:01:06,1115
2024-01-25 16:01:06,1115
2024-01-25 16:01:06,1130
2024-01-25 16:01:06,1130
2024-01-25 16:01:08,1142
2024-01-25 16:01:08,1142
2024-01-25 16:01:13,1080
2024-01-25 16:01:13,1080
2024-01-25 16:01:15,1109
2024-01-25 16:01:15,1109
2024-01-25 16:02:52,1856
2024-01-25 16:02:52,1856
2024-01-25 16:03:07,2278
2024-01-25 16:04:54,1003
2024-01-25 16:05:02,1111
2024-01-25 16:05:02,1111
2024-01-25 16:05:02,1113
2024-01-25 16:05:02,1113
2024-01-25 16:05:19,1196
2024-01-25 16:05:19,1196
2024-01-25 16:05:21,1199
2024-01-25 16:05:21,1199
2024-01-25 16:05:23,1098
2024-01-25 16:05:23,1098
2024-01-25 16:06:16,1856
2024-01-25 16:06:16,1856
2024-01-25 16:06:48,2381
2024-01-25 16:13:42,1003
2024-01-25 16:13:47,1067
2024-01-25 16:13:50,1135
2024-01-25 16:13:51,1149
2024-01-25 16:13:58,1130
2024-01-25 16:14:05,1124
2024-01-25 16:14:07,1486
2024-01-25 16:14:43,2041
2024-01-25 16:14:56,1081
2024-01-25 16:15:00,1111
2024-01-25 16:15:01,1129
2024-01-25 16:15:06,1092
2024-01-25 16:15:07,1113
2024-01-25 17:32:01,1003
2024-01-25 17:32:10,1125
2024-01-25 17:32:10,1120
2024-01-25 17:32:15,1134
2024-01-25 17:32:19,1093
2024-01-25 17:32:28,1123
2024-01-25 17:33:20,1858
2024-01-25 17:33:44,2323
2024-01-25 17:55:40,1003
2024-01-25 17:55:55,1080
2024-01-25 17:55:56,1158
2024-01-25 17:55:58,1101
2024-01-25 17:56:09,1125
2024-01-25 17:56:21,1171
2024-01-25 17:57:11,1857
2024-01-25 17:57:56,2369
